Time,Note
1731837641.0541518,A
1731837641.0541518,B
1731837641.0541518,C
1731837641.0541518,D
1731837641.0541518,E
1731837641.0541518,F
1731837652.7624636,A
1731837654.2987113,B
1731837654.635722,B
1731837655.292166,A
1731837655.292166,B
1731837656.1571298,A
1731837656.489412,A
1731837657.6285677,C
1731837657.6898391,B
1731837658.6342428,C
1731837658.7678874,B
1731837659.7597282,B
1731837662.1584349,B
1731837662.4272282,E
1731837662.4908564,B
1731837662.6996036,C
1731837662.7623107,D
1731837662.8292246,E
1731837663.3570278,F
